review_id,author_id
f3bd6e2e-2418-4735-9c64-52daab79e1f8,47682882
f3bd6e2e-2418-4735-9c64-52daab79e1f8,2059043
f3bd6e2e-2418-4735-9c64-52daab79e1f8,22134418
643770af-47be-4fb4-bd62-205fc25bc00b,145651668
643770af-47be-4fb4-bd62-205fc25bc00b,1730314
643770af-47be-4fb4-bd62-205fc25bc00b,1800404
643770af-47be-4fb4-bd62-205fc25bc00b,1394765173
643770af-47be-4fb4-bd62-205fc25bc00b,2806064
ca26d093-3b23-4bcf-82ef-f9707fcc7c80,1741158
ca26d093-3b23-4bcf-82ef-f9707fcc7c80,1700482
ca26d093-3b23-4bcf-82ef-f9707fcc7c80,2865522
0fcde89b-8e28-4231-8ec6-217aee5f0f7a,143634612
0fcde89b-8e28-4231-8ec6-217aee5f0f7a,51480852
0fcde89b-8e28-4231-8ec6-217aee5f0f7a,1703204
03782c9c-4805-4c05-b3e7-92c083d18348,1761581
03782c9c-4805-4c05-b3e7-92c083d18348,2794091
03782c9c-4805-4c05-b3e7-92c083d18348,1705486
03782c9c-4805-4c05-b3e7-92c083d18348,2368474
00be8000-ff8c-41d7-b8ad-eb645761a796,2275592032
00be8000-ff8c-41d7-b8ad-eb645761a796,8176724
00be8000-ff8c-41d7-b8ad-eb645761a796,1398510220
00be8000-ff8c-41d7-b8ad-eb645761a796,116879422
00be8000-ff8c-41d7-b8ad-eb645761a796,9808011
ed5a1e88-fca6-4d8e-bc05-ee6b4c62d4d5,2271397816
ed5a1e88-fca6-4d8e-bc05-ee6b4c62d4d5,1743133
ed5a1e88-fca6-4d8e-bc05-ee6b4c62d4d5,1773778
7bc0d17d-8e0f-45ab-ba9c-1e720924a48a,2113608835
7bc0d17d-8e0f-45ab-ba9c-1e720924a48a,2156211656
7bc0d17d-8e0f-45ab-ba9c-1e720924a48a,1978719
7bc0d17d-8e0f-45ab-ba9c-1e720924a48a,143882917
a3593107-6c44-401c-b927-dabd45ae1fe3,1743133
a3593107-6c44-401c-b927-dabd45ae1fe3,2619128
a3593107-6c44-401c-b927-dabd45ae1fe3,1747491
eabeb827-8e4e-4f91-9925-86ec075dcb23,1695958
eabeb827-8e4e-4f91-9925-86ec075dcb23,1713331
eabeb827-8e4e-4f91-9925-86ec075dcb23,3390886
b922355e-47da-451e-a8a8-8072e7613d95,144237889
b922355e-47da-451e-a8a8-8072e7613d95,2148536328
b922355e-47da-451e-a8a8-8072e7613d95,1718824
b922355e-47da-451e-a8a8-8072e7613d95,1802918
fdd6613b-6dbe-47d3-b76a-799d40b4a9bf,39592606
fdd6613b-6dbe-47d3-b76a-799d40b4a9bf,143906110
fdd6613b-6dbe-47d3-b76a-799d40b4a9bf,51437071
fdd6613b-6dbe-47d3-b76a-799d40b4a9bf,2607684
fdd6613b-6dbe-47d3-b76a-799d40b4a9bf,1682878
471e7da7-5c7d-4de3-ace4-b355ef23bc46,6989114
471e7da7-5c7d-4de3-ace4-b355ef23bc46,144989167
471e7da7-5c7d-4de3-ace4-b355ef23bc46,49914182
b2596f31-a780-4b2d-8a47-f64d9a48e217,1684379
b2596f31-a780-4b2d-8a47-f64d9a48e217,3007154
b2596f31-a780-4b2d-8a47-f64d9a48e217,1774336
b2596f31-a780-4b2d-8a47-f64d9a48e217,144823759
70da1e1c-40f7-4517-9350-c64d7294fc2a,8176724
70da1e1c-40f7-4517-9350-c64d7294fc2a,2275592032
70da1e1c-40f7-4517-9350-c64d7294fc2a,2474096
70da1e1c-40f7-4517-9350-c64d7294fc2a,144503029
70da1e1c-40f7-4517-9350-c64d7294fc2a,1723424
f6388ff6-1035-4d9e-aae5-17d28dc567b3,1744394
f6388ff6-1035-4d9e-aae5-17d28dc567b3,1751440
f6388ff6-1035-4d9e-aae5-17d28dc567b3,1748676
a448d06c-6fc0-40ce-9689-647fe03cbd88,40136108
a448d06c-6fc0-40ce-9689-647fe03cbd88,2787942
a448d06c-6fc0-40ce-9689-647fe03cbd88,144823759
a448d06c-6fc0-40ce-9689-647fe03cbd88,52615500
9228be8c-417c-4737-bb20-3b8e7f1d96fb,1742930
9228be8c-417c-4737-bb20-3b8e7f1d96fb,144504726
9228be8c-417c-4737-bb20-3b8e7f1d96fb,39592606
9228be8c-417c-4737-bb20-3b8e7f1d96fb,1743133
9228be8c-417c-4737-bb20-3b8e7f1d96fb,69974988
5c5de72a-cf17-47ec-9ce2-ec710d54a636,2552303
5c5de72a-cf17-47ec-9ce2-ec710d54a636,144064235
5c5de72a-cf17-47ec-9ce2-ec710d54a636,113134742
5c5de72a-cf17-47ec-9ce2-ec710d54a636,72091723
3c459c38-dcfc-4396-9389-8f45e8a8e011,49894422
3c459c38-dcfc-4396-9389-8f45e8a8e011,39385532
3c459c38-dcfc-4396-9389-8f45e8a8e011,50488319
3c459c38-dcfc-4396-9389-8f45e8a8e011,144527006
b5e9c319-3400-4659-9d2e-a1acc3f75974,1767692
b5e9c319-3400-4659-9d2e-a1acc3f75974,2120099756
b5e9c319-3400-4659-9d2e-a1acc3f75974,2708759
b5e9c319-3400-4659-9d2e-a1acc3f75974,1743133
b5e9c319-3400-4659-9d2e-a1acc3f75974,70359360
0a39d094-762a-4d6d-99bd-701c72f87f24,2068611376
0a39d094-762a-4d6d-99bd-701c72f87f24,46481106
0a39d094-762a-4d6d-99bd-701c72f87f24,1686193
0a39d094-762a-4d6d-99bd-701c72f87f24,97213203
bf4cebff-f4bd-4866-83bc-aac1e54fad26,2320954
bf4cebff-f4bd-4866-83bc-aac1e54fad26,31323598
bf4cebff-f4bd-4866-83bc-aac1e54fad26,69974988
bf4cebff-f4bd-4866-83bc-aac1e54fad26,145364912
28bd8e67-e4fd-4ef3-99c4-fcddc174c617,2083662403
28bd8e67-e4fd-4ef3-99c4-fcddc174c617,116150522
28bd8e67-e4fd-4ef3-99c4-fcddc174c617,2262881
f609fffc-9e8f-4806-a580-a4983958bd50,11063801
f609fffc-9e8f-4806-a580-a4983958bd50,144385660
f609fffc-9e8f-4806-a580-a4983958bd50,145269008
37bc0339-9fdd-4b58-ab3f-62f1580892e9,1751233
37bc0339-9fdd-4b58-ab3f-62f1580892e9,145696419
37bc0339-9fdd-4b58-ab3f-62f1580892e9,39452145
1deb206f-3de0-45e9-b3f9-6b2f02553730,1418344043
1deb206f-3de0-45e9-b3f9-6b2f02553730,1778364
1deb206f-3de0-45e9-b3f9-6b2f02553730,47692442
1deb206f-3de0-45e9-b3f9-6b2f02553730,1684379
1deb206f-3de0-45e9-b3f9-6b2f02553730,2690172
251f2431-d815-491a-aa06-8ed8739a30da,3058439
251f2431-d815-491a-aa06-8ed8739a30da,143775527
251f2431-d815-491a-aa06-8ed8739a30da,2148536328
251f2431-d815-491a-aa06-8ed8739a30da,144146894
251f2431-d815-491a-aa06-8ed8739a30da,34820048
07267b48-8437-4ffb-bdb5-62373a574912,1742790
07267b48-8437-4ffb-bdb5-62373a574912,144163068
07267b48-8437-4ffb-bdb5-62373a574912,1680812
07267b48-8437-4ffb-bdb5-62373a574912,49401455
6ab2e05b-fda9-46a5-970c-19832bd853be,2368474
6ab2e05b-fda9-46a5-970c-19832bd853be,2176433
6ab2e05b-fda9-46a5-970c-19832bd853be,66315156
6ab2e05b-fda9-46a5-970c-19832bd853be,1741158
3d15b132-361d-4160-97a3-7e712165dfb6,144678875
3d15b132-361d-4160-97a3-7e712165dfb6,1770486
3d15b132-361d-4160-97a3-7e712165dfb6,1868196
3d15b132-361d-4160-97a3-7e712165dfb6,51480852
3d15b132-361d-4160-97a3-7e712165dfb6,116853525
4d98b8b4-6b45-40e9-b01e-7d3723135e36,1713567
4d98b8b4-6b45-40e9-b01e-7d3723135e36,2249588356
4d98b8b4-6b45-40e9-b01e-7d3723135e36,152879053
91028ed6-3a0d-4074-9b6e-af63703980cb,1682406
91028ed6-3a0d-4074-9b6e-af63703980cb,145215783
91028ed6-3a0d-4074-9b6e-af63703980cb,143872539
91028ed6-3a0d-4074-9b6e-af63703980cb,49894422
62905d2e-d216-45cc-a4e7-eb986dbd468e,1679752
62905d2e-d216-45cc-a4e7-eb986dbd468e,3015476
62905d2e-d216-45cc-a4e7-eb986dbd468e,2443375
e248bf0f-ad77-4954-86d9-f3da8da7f324,46611479
e248bf0f-ad77-4954-86d9-f3da8da7f324,21058844
e248bf0f-ad77-4954-86d9-f3da8da7f324,2069452458
e248bf0f-ad77-4954-86d9-f3da8da7f324,2025112
57410e69-452e-43e6-abea-346d858938dc,1749716
57410e69-452e-43e6-abea-346d858938dc,8719844
57410e69-452e-43e6-abea-346d858938dc,145688317
57410e69-452e-43e6-abea-346d858938dc,1692152
23a9566a-a5a8-4693-81c0-d5a0fce14a61,1681530
23a9566a-a5a8-4693-81c0-d5a0fce14a61,40466466
23a9566a-a5a8-4693-81c0-d5a0fce14a61,1802998
23a9566a-a5a8-4693-81c0-d5a0fce14a61,2285291156
23a9566a-a5a8-4693-81c0-d5a0fce14a61,28354393
22770658-ba66-4853-b259-4e9a5051a17a,145647476
22770658-ba66-4853-b259-4e9a5051a17a,1830412825
22770658-ba66-4853-b259-4e9a5051a17a,3258951
87edcc26-0ff1-425b-9152-d829ab2f6fc0,2865522
87edcc26-0ff1-425b-9152-d829ab2f6fc0,1398348791
87edcc26-0ff1-425b-9152-d829ab2f6fc0,49914182
87edcc26-0ff1-425b-9152-d829ab2f6fc0,3076734
87edcc26-0ff1-425b-9152-d829ab2f6fc0,2719667
cfdaf012-43bf-4330-a2f2-6557af097b6c,2493367
cfdaf012-43bf-4330-a2f2-6557af097b6c,3320620
cfdaf012-43bf-4330-a2f2-6557af097b6c,1800404
cfdaf012-43bf-4330-a2f2-6557af097b6c,48792798
d725c924-4b25-4017-bff7-4d226236e2cf,9210928
d725c924-4b25-4017-bff7-4d226236e2cf,50193797
d725c924-4b25-4017-bff7-4d226236e2cf,2168490
d725c924-4b25-4017-bff7-4d226236e2cf,1728262
87d41933-abe3-40b0-8bf0-eac2fd7436a8,1680306
87d41933-abe3-40b0-8bf0-eac2fd7436a8,3305291
87d41933-abe3-40b0-8bf0-eac2fd7436a8,2517740
87d41933-abe3-40b0-8bf0-eac2fd7436a8,69974988
5f5586a0-0251-4d2e-ade0-75abc8160af7,2507796
5f5586a0-0251-4d2e-ade0-75abc8160af7,49894422
5f5586a0-0251-4d2e-ade0-75abc8160af7,48630276
d30f317b-8150-483f-89be-9b908e353407,145188857
d30f317b-8150-483f-89be-9b908e353407,2110851001
d30f317b-8150-483f-89be-9b908e353407,143819446
d30f317b-8150-483f-89be-9b908e353407,1873312
9cbb9400-5ec4-437b-8eba-a1ba50f07e71,4502458
9cbb9400-5ec4-437b-8eba-a1ba50f07e71,143819446
9cbb9400-5ec4-437b-8eba-a1ba50f07e71,3438088
9b0960ba-fee9-4e3a-afeb-1c941540ff4a,1743774
9b0960ba-fee9-4e3a-afeb-1c941540ff4a,2295803
9b0960ba-fee9-4e3a-afeb-1c941540ff4a,50378805
9b0960ba-fee9-4e3a-afeb-1c941540ff4a,39385532
9b0960ba-fee9-4e3a-afeb-1c941540ff4a,40466466
2426ee4f-133c-4a5c-9824-92c0652f70ea,1713567
2426ee4f-133c-4a5c-9824-92c0652f70ea,2806064
2426ee4f-133c-4a5c-9824-92c0652f70ea,2126316
2426ee4f-133c-4a5c-9824-92c0652f70ea,1868196
2426ee4f-133c-4a5c-9824-92c0652f70ea,145766447
18d23cb1-8f9a-4d20-9300-21dd0d1064a4,2495534
18d23cb1-8f9a-4d20-9300-21dd0d1064a4,95356210
7a5c70e9-9b83-4eef-b15d-763810b2ac78,2836331
7a5c70e9-9b83-4eef-b15d-763810b2ac78,2249588356
7a5c70e9-9b83-4eef-b15d-763810b2ac78,49914182
f2f19011-9fd7-4df7-8f95-7797fdc4615a,1741158
f2f19011-9fd7-4df7-8f95-7797fdc4615a,2655343
f2f19011-9fd7-4df7-8f95-7797fdc4615a,96609713
f2f19011-9fd7-4df7-8f95-7797fdc4615a,145341374
b130de65-de96-4401-939e-f318f1b9cc6a,51480852
b130de65-de96-4401-939e-f318f1b9cc6a,3899780
b130de65-de96-4401-939e-f318f1b9cc6a,32691087
f561e25a-c3fe-4e88-bbd8-c1b4ba2d1c36,145708964
f561e25a-c3fe-4e88-bbd8-c1b4ba2d1c36,2440316
f561e25a-c3fe-4e88-bbd8-c1b4ba2d1c36,2805650
21cc8051-58db-42f5-9b16-f84d8b7194b0,144638626
21cc8051-58db-42f5-9b16-f84d8b7194b0,1742930
21cc8051-58db-42f5-9b16-f84d8b7194b0,2825246
bab64c47-6284-4ed0-9455-0d71e2087cf2,2996101
bab64c47-6284-4ed0-9455-0d71e2087cf2,2304487
bab64c47-6284-4ed0-9455-0d71e2087cf2,1832291
bab64c47-6284-4ed0-9455-0d71e2087cf2,1738145
bab64c47-6284-4ed0-9455-0d71e2087cf2,51437071
1e3386a7-1b7c-4524-a567-dbe079a662b2,1680621
1e3386a7-1b7c-4524-a567-dbe079a662b2,81127051
1e3386a7-1b7c-4524-a567-dbe079a662b2,2069452458
1e3386a7-1b7c-4524-a567-dbe079a662b2,1729159
1e3386a7-1b7c-4524-a567-dbe079a662b2,30909071
12d88c17-8df8-493f-abe9-46283bb5978e,7296001
12d88c17-8df8-493f-abe9-46283bb5978e,1832291
12d88c17-8df8-493f-abe9-46283bb5978e,145364912
12d88c17-8df8-493f-abe9-46283bb5978e,38534019
4873b70b-0244-4884-9953-1754eb1766c0,3270882
4873b70b-0244-4884-9953-1754eb1766c0,143697651
4873b70b-0244-4884-9953-1754eb1766c0,144395551
4873b70b-0244-4884-9953-1754eb1766c0,47874492
4873b70b-0244-4884-9953-1754eb1766c0,22708729
055becec-94a4-424e-b4d4-d62300dc5172,2764631
055becec-94a4-424e-b4d4-d62300dc5172,145766447
055becec-94a4-424e-b4d4-d62300dc5172,1808500
055becec-94a4-424e-b4d4-d62300dc5172,2168490
055becec-94a4-424e-b4d4-d62300dc5172,1868196
13719a29-cf0e-4498-92ee-dc4570404a81,144385660
13719a29-cf0e-4498-92ee-dc4570404a81,2089829
13719a29-cf0e-4498-92ee-dc4570404a81,2324949
13719a29-cf0e-4498-92ee-dc4570404a81,1760762
0bf90df2-d750-4341-8779-4cf0c9987399,144796684
0bf90df2-d750-4341-8779-4cf0c9987399,2316077
0bf90df2-d750-4341-8779-4cf0c9987399,1400943991
0bf90df2-d750-4341-8779-4cf0c9987399,3305291
0bf90df2-d750-4341-8779-4cf0c9987399,1932524
577527df-39c1-4d5f-8de5-4d5f2babc5dd,9808011
577527df-39c1-4d5f-8de5-4d5f2babc5dd,1761581
577527df-39c1-4d5f-8de5-4d5f2babc5dd,145553355
577527df-39c1-4d5f-8de5-4d5f2babc5dd,1726792
29762d83-bee5-46f8-9922-0005401bb484,14454974
29762d83-bee5-46f8-9922-0005401bb484,9808011
29762d83-bee5-46f8-9922-0005401bb484,2110851001
3a5a680a-c948-4f2d-8856-601f0daf8cf2,34971293
3a5a680a-c948-4f2d-8856-601f0daf8cf2,3113695
3a5a680a-c948-4f2d-8856-601f0daf8cf2,3115896
3a5a680a-c948-4f2d-8856-601f0daf8cf2,1776968
515a6c84-2034-4491-83c8-cdfab14b212d,34440628
515a6c84-2034-4491-83c8-cdfab14b212d,1725157
515a6c84-2034-4491-83c8-cdfab14b212d,1803904
0f597a30-1d8f-4a67-b697-f3c9ddc59295,47692442
0f597a30-1d8f-4a67-b697-f3c9ddc59295,2495534
0f597a30-1d8f-4a67-b697-f3c9ddc59295,49894422
139629d0-3ebf-431d-b2d8-9e022e7af601,1741196
139629d0-3ebf-431d-b2d8-9e022e7af601,31938009
139629d0-3ebf-431d-b2d8-9e022e7af601,2488892
e678f6cf-df06-41af-9e1c-a55a802e8783,2787508
e678f6cf-df06-41af-9e1c-a55a802e8783,152701833
e678f6cf-df06-41af-9e1c-a55a802e8783,1808500
24409703-59d0-4a5c-b88a-21fd32a07d5e,1757996
24409703-59d0-4a5c-b88a-21fd32a07d5e,3270882
24409703-59d0-4a5c-b88a-21fd32a07d5e,2095003529
24409703-59d0-4a5c-b88a-21fd32a07d5e,69974988
24409703-59d0-4a5c-b88a-21fd32a07d5e,1785690
9452ac64-900f-4054-90c3-742fed5121df,144772155
9452ac64-900f-4054-90c3-742fed5121df,2112820873
9452ac64-900f-4054-90c3-742fed5121df,144395551
9452ac64-900f-4054-90c3-742fed5121df,1765948
9452ac64-900f-4054-90c3-742fed5121df,2173160556
4bb9a58d-e8da-4d33-babd-6f30175409ae,51042372
4bb9a58d-e8da-4d33-babd-6f30175409ae,2285880465
4bb9a58d-e8da-4d33-babd-6f30175409ae,145635430
4bb9a58d-e8da-4d33-babd-6f30175409ae,143819446
4bb9a58d-e8da-4d33-babd-6f30175409ae,38534019
cccb6398-d1c0-4646-994a-ef8d0c7a8572,145215783
cccb6398-d1c0-4646-994a-ef8d0c7a8572,2098939
cccb6398-d1c0-4646-994a-ef8d0c7a8572,2443375
cccb6398-d1c0-4646-994a-ef8d0c7a8572,1808500
cccb6398-d1c0-4646-994a-ef8d0c7a8572,3305291
1fc2e971-9a60-4efe-8953-9d4a92a66e5d,8552088
1fc2e971-9a60-4efe-8953-9d4a92a66e5d,21744050
1fc2e971-9a60-4efe-8953-9d4a92a66e5d,145269008
1fc2e971-9a60-4efe-8953-9d4a92a66e5d,3058439
79945d67-deaa-443b-934e-97bb01c4960d,143775527
79945d67-deaa-443b-934e-97bb01c4960d,66315156
79945d67-deaa-443b-934e-97bb01c4960d,1906922
79945d67-deaa-443b-934e-97bb01c4960d,97213203
a8f48009-6052-4165-80e9-d411ee0f9ecb,1734200
a8f48009-6052-4165-80e9-d411ee0f9ecb,144381875
a8f48009-6052-4165-80e9-d411ee0f9ecb,2996101
a8f48009-6052-4165-80e9-d411ee0f9ecb,2057331457
6587ba65-6820-4228-8598-112f2f28e4f6,2108105012
6587ba65-6820-4228-8598-112f2f28e4f6,97213203
6587ba65-6820-4228-8598-112f2f28e4f6,1738145
56afa66a-d953-43de-a71b-cbe8f47542bc,95356210
56afa66a-d953-43de-a71b-cbe8f47542bc,1778364
56afa66a-d953-43de-a71b-cbe8f47542bc,1685173
56afa66a-d953-43de-a71b-cbe8f47542bc,1758755
56afa66a-d953-43de-a71b-cbe8f47542bc,144385660
7d980a61-45f2-4064-b7ae-95e8cf65ce7c,40030651
7d980a61-45f2-4064-b7ae-95e8cf65ce7c,145761088
7d980a61-45f2-4064-b7ae-95e8cf65ce7c,34055351
7d980a61-45f2-4064-b7ae-95e8cf65ce7c,1713968
a2190893-2620-40bd-b1c5-2587d0549036,11618874
a2190893-2620-40bd-b1c5-2587d0549036,3210937
a2190893-2620-40bd-b1c5-2587d0549036,1723424
a2190893-2620-40bd-b1c5-2587d0549036,2074443600
a2190893-2620-40bd-b1c5-2587d0549036,2412024
46e11d5f-69d5-4cea-9b5b-3bfb1f2a52ae,97213203
46e11d5f-69d5-4cea-9b5b-3bfb1f2a52ae,2143549636
46e11d5f-69d5-4cea-9b5b-3bfb1f2a52ae,145231261
46e11d5f-69d5-4cea-9b5b-3bfb1f2a52ae,46611479
46e11d5f-69d5-4cea-9b5b-3bfb1f2a52ae,1797654
0513d2e6-0bda-483b-af0e-671c7c683143,3115896
0513d2e6-0bda-483b-af0e-671c7c683143,2249589263
0513d2e6-0bda-483b-af0e-671c7c683143,1686193
0513d2e6-0bda-483b-af0e-671c7c683143,21790176
0513d2e6-0bda-483b-af0e-671c7c683143,1770486
16ec0c9d-f99c-4c4c-b16a-6d8627f759a4,1752475
16ec0c9d-f99c-4c4c-b16a-6d8627f759a4,2025112
16ec0c9d-f99c-4c4c-b16a-6d8627f759a4,1728262
67fa88c4-3343-4f41-9ce9-0d9bfe4b87f5,14454974
67fa88c4-3343-4f41-9ce9-0d9bfe4b87f5,34772704
67fa88c4-3343-4f41-9ce9-0d9bfe4b87f5,1761581
03374f29-d79d-4f89-bba4-ddb607ca7ca7,5860697
03374f29-d79d-4f89-bba4-ddb607ca7ca7,2495534
03374f29-d79d-4f89-bba4-ddb607ca7ca7,1703204
ad51c801-5f50-461f-9dc6-84034d41af05,145231261
ad51c801-5f50-461f-9dc6-84034d41af05,2083662403
ad51c801-5f50-461f-9dc6-84034d41af05,1875442
ad51c801-5f50-461f-9dc6-84034d41af05,144064235
f5d7cf64-2aad-4a99-a266-e0a852265b1d,1836113
f5d7cf64-2aad-4a99-a266-e0a852265b1d,51437071
f5d7cf64-2aad-4a99-a266-e0a852265b1d,1394765173
f5d7cf64-2aad-4a99-a266-e0a852265b1d,1803904
f5d7cf64-2aad-4a99-a266-e0a852265b1d,2426181
6c28b3a4-3d9c-42bb-9ef0-38be4dbc8eaa,1701316
6c28b3a4-3d9c-42bb-9ef0-38be4dbc8eaa,152879053
6c28b3a4-3d9c-42bb-9ef0-38be4dbc8eaa,145654328
6c28b3a4-3d9c-42bb-9ef0-38be4dbc8eaa,144064235
6c28b3a4-3d9c-42bb-9ef0-38be4dbc8eaa,2805650
6d0cc56f-9c99-49f1-b0fd-1a4ddc35fc48,2249607014
6d0cc56f-9c99-49f1-b0fd-1a4ddc35fc48,144153718
6d0cc56f-9c99-49f1-b0fd-1a4ddc35fc48,145080425
6d0cc56f-9c99-49f1-b0fd-1a4ddc35fc48,143934203
6d0cc56f-9c99-49f1-b0fd-1a4ddc35fc48,33199546
d918be58-9895-496b-a247-d24142707f5b,2607684
d918be58-9895-496b-a247-d24142707f5b,2057331457
d918be58-9895-496b-a247-d24142707f5b,2488892
0d56674b-82f6-413b-b4e5-a7b1516c9a54,144385660
0d56674b-82f6-413b-b4e5-a7b1516c9a54,144834571
0d56674b-82f6-413b-b4e5-a7b1516c9a54,1383246948
0d56674b-82f6-413b-b4e5-a7b1516c9a54,1723424
ce491930-51e6-4ccd-aebc-18d77529e763,145766447
ce491930-51e6-4ccd-aebc-18d77529e763,2044477
ce491930-51e6-4ccd-aebc-18d77529e763,1686193
ce491930-51e6-4ccd-aebc-18d77529e763,2116388691
cec91c16-8da9-47d9-8d2e-2c88cef7fad4,21744050
cec91c16-8da9-47d9-8d2e-2c88cef7fad4,1388404060
cec91c16-8da9-47d9-8d2e-2c88cef7fad4,1726792
cec91c16-8da9-47d9-8d2e-2c88cef7fad4,2109448525
5dd80aec-c298-4217-8d4b-c5b9eeb2ed07,1716650
5dd80aec-c298-4217-8d4b-c5b9eeb2ed07,48691553
5dd80aec-c298-4217-8d4b-c5b9eeb2ed07,39452145
5dd80aec-c298-4217-8d4b-c5b9eeb2ed07,144381875
5dd80aec-c298-4217-8d4b-c5b9eeb2ed07,40400362
b8f967c3-9236-4ce7-8b65-e05cebc597b5,2109847248
b8f967c3-9236-4ce7-8b65-e05cebc597b5,3115896
b8f967c3-9236-4ce7-8b65-e05cebc597b5,143628853
b8f967c3-9236-4ce7-8b65-e05cebc597b5,1737891
fa6643e7-9b17-43ae-a4ff-f3ac8bb65434,144146894
fa6643e7-9b17-43ae-a4ff-f3ac8bb65434,1453328014
fa6643e7-9b17-43ae-a4ff-f3ac8bb65434,116879422
fa6643e7-9b17-43ae-a4ff-f3ac8bb65434,1393291803
9e47f1b8-98c7-48a1-80a9-70105cec63ff,2825246
9e47f1b8-98c7-48a1-80a9-70105cec63ff,2091905565
9e47f1b8-98c7-48a1-80a9-70105cec63ff,1785624
9e47f1b8-98c7-48a1-80a9-70105cec63ff,2109847248
a176f0f2-7214-4a52-9bd4-c675063e7428,1684457
a176f0f2-7214-4a52-9bd4-c675063e7428,3899780
a176f0f2-7214-4a52-9bd4-c675063e7428,2069452458
a176f0f2-7214-4a52-9bd4-c675063e7428,1748676
a176f0f2-7214-4a52-9bd4-c675063e7428,1411043056
2905f99f-e157-4c9f-9a05-3694e6547d6f,1571154002
2905f99f-e157-4c9f-9a05-3694e6547d6f,1916288
2905f99f-e157-4c9f-9a05-3694e6547d6f,3258951
2905f99f-e157-4c9f-9a05-3694e6547d6f,1725298
1c029756-6d95-4d55-83a1-5c499bd794f5,1725157
1c029756-6d95-4d55-83a1-5c499bd794f5,46610789
1c029756-6d95-4d55-83a1-5c499bd794f5,96609713
1c029756-6d95-4d55-83a1-5c499bd794f5,3087532
b3478926-a3f6-4838-9d9c-e0bd859fe368,3205754
b3478926-a3f6-4838-9d9c-e0bd859fe368,25894913
b3478926-a3f6-4838-9d9c-e0bd859fe368,1680621
b3478926-a3f6-4838-9d9c-e0bd859fe368,51887595
b3478926-a3f6-4838-9d9c-e0bd859fe368,144395551
8148867f-173a-4b6d-8ca0-1ff9928ada66,144163068
8148867f-173a-4b6d-8ca0-1ff9928ada66,49914182
8148867f-173a-4b6d-8ca0-1ff9928ada66,1726425
8148867f-173a-4b6d-8ca0-1ff9928ada66,1741196
8148867f-173a-4b6d-8ca0-1ff9928ada66,1744394
61a7eb6d-5a16-4e09-a8e4-23816cf5c79a,34971293
61a7eb6d-5a16-4e09-a8e4-23816cf5c79a,2443375
61a7eb6d-5a16-4e09-a8e4-23816cf5c79a,2116328984
58187203-0bcd-4c02-a9b4-770e22174c19,71064586
58187203-0bcd-4c02-a9b4-770e22174c19,2225845486
58187203-0bcd-4c02-a9b4-770e22174c19,143736701
85fbe0d0-b0fb-47c0-b0c6-234b999dae40,2058161182
85fbe0d0-b0fb-47c0-b0c6-234b999dae40,9077801
85fbe0d0-b0fb-47c0-b0c6-234b999dae40,1681530
85fbe0d0-b0fb-47c0-b0c6-234b999dae40,3320620
9ead1921-c579-4b22-99c3-ed1f0b3edc25,119803948
9ead1921-c579-4b22-99c3-ed1f0b3edc25,40400362
9ead1921-c579-4b22-99c3-ed1f0b3edc25,2836331
9ead1921-c579-4b22-99c3-ed1f0b3edc25,2068611376
0efbbf30-3f67-47d3-a818-607f40c8e234,1398510220
0efbbf30-3f67-47d3-a818-607f40c8e234,1694028
0efbbf30-3f67-47d3-a818-607f40c8e234,1932524
0efbbf30-3f67-47d3-a818-607f40c8e234,1686193
0efbbf30-3f67-47d3-a818-607f40c8e234,144283020
0822d58a-b7aa-4406-8ae4-2a5696c39949,2116388691
0822d58a-b7aa-4406-8ae4-2a5696c39949,145495343
0822d58a-b7aa-4406-8ae4-2a5696c39949,51887595
d8b84abf-f9bd-45cd-83a6-77a0013f3469,30909071
d8b84abf-f9bd-45cd-83a6-77a0013f3469,3258951
d8b84abf-f9bd-45cd-83a6-77a0013f3469,144004474
112c965a-37db-4141-8a39-01a5487a260c,143989442
112c965a-37db-4141-8a39-01a5487a260c,36604738
112c965a-37db-4141-8a39-01a5487a260c,73529582
112c965a-37db-4141-8a39-01a5487a260c,2176433
13f1edf0-8c3c-4af1-b752-53cba905db67,28354393
13f1edf0-8c3c-4af1-b752-53cba905db67,2787508
13f1edf0-8c3c-4af1-b752-53cba905db67,143775527
73f2f930-9655-4ca1-a512-fb17184dcf82,1723424
73f2f930-9655-4ca1-a512-fb17184dcf82,2877935
73f2f930-9655-4ca1-a512-fb17184dcf82,47692442
73f2f930-9655-4ca1-a512-fb17184dcf82,1978719
9bdc7131-9e17-4fee-9964-7323a4865ad7,2116388691
9bdc7131-9e17-4fee-9964-7323a4865ad7,2249588356
9bdc7131-9e17-4fee-9964-7323a4865ad7,38548340
9bdc7131-9e17-4fee-9964-7323a4865ad7,2806064
68760f4b-b86b-49db-bae3-5d336b362819,1731012
68760f4b-b86b-49db-bae3-5d336b362819,143836892
68760f4b-b86b-49db-bae3-5d336b362819,3305291
68760f4b-b86b-49db-bae3-5d336b362819,1770486
68760f4b-b86b-49db-bae3-5d336b362819,1726792
cac66b32-9d3e-4ca1-80cc-d9eca972ae11,1716323
cac66b32-9d3e-4ca1-80cc-d9eca972ae11,22708544
cac66b32-9d3e-4ca1-80cc-d9eca972ae11,2625702
cac66b32-9d3e-4ca1-80cc-d9eca972ae11,116150522
9888d75b-36c0-476d-963c-89ba9e94a101,2110851001
9888d75b-36c0-476d-963c-89ba9e94a101,2474096
9888d75b-36c0-476d-963c-89ba9e94a101,1685720696
9888d75b-36c0-476d-963c-89ba9e94a101,36604738
9888d75b-36c0-476d-963c-89ba9e94a101,1686193
7c4fabc3-e087-43b1-a693-8525fe469c29,144064235
7c4fabc3-e087-43b1-a693-8525fe469c29,144018135
7c4fabc3-e087-43b1-a693-8525fe469c29,145364912
7c4fabc3-e087-43b1-a693-8525fe469c29,1938133
7c4fabc3-e087-43b1-a693-8525fe469c29,1802918
6b273658-60fd-4a83-81cb-5e014e60d3ef,35327641
6b273658-60fd-4a83-81cb-5e014e60d3ef,47555680
6b273658-60fd-4a83-81cb-5e014e60d3ef,2805650
f1598afb-bcf8-485d-9c32-564cd36beed3,143736701
f1598afb-bcf8-485d-9c32-564cd36beed3,153446958
f1598afb-bcf8-485d-9c32-564cd36beed3,7296001
f1598afb-bcf8-485d-9c32-564cd36beed3,3115896
f1598afb-bcf8-485d-9c32-564cd36beed3,2165805082
97d49e7f-6016-4415-b093-4099a27477b1,1798691
97d49e7f-6016-4415-b093-4099a27477b1,9192419
97d49e7f-6016-4415-b093-4099a27477b1,2295803
668a2c09-4bb4-46fd-b107-fb171028d811,2643325
668a2c09-4bb4-46fd-b107-fb171028d811,1760762
668a2c09-4bb4-46fd-b107-fb171028d811,11618874
668a2c09-4bb4-46fd-b107-fb171028d811,3386346
123436b0-32e3-4b16-b1f8-9880aa8f4cf2,1751440
123436b0-32e3-4b16-b1f8-9880aa8f4cf2,1807113
123436b0-32e3-4b16-b1f8-9880aa8f4cf2,143819446
123436b0-32e3-4b16-b1f8-9880aa8f4cf2,31938009
cc0ade7d-a94d-44f9-aa2e-12e1c2bb13a7,3015476
cc0ade7d-a94d-44f9-aa2e-12e1c2bb13a7,40030651
cc0ade7d-a94d-44f9-aa2e-12e1c2bb13a7,2113608835
cc0ade7d-a94d-44f9-aa2e-12e1c2bb13a7,2173160556
cc0ade7d-a94d-44f9-aa2e-12e1c2bb13a7,145215033
588da525-ddd1-40ca-94ea-52853a14d666,152879053
588da525-ddd1-40ca-94ea-52853a14d666,143819446
588da525-ddd1-40ca-94ea-52853a14d666,47531065
fdea8063-cb41-44b2-aeb2-896ec71a48ed,143836892
fdea8063-cb41-44b2-aeb2-896ec71a48ed,3192444
fdea8063-cb41-44b2-aeb2-896ec71a48ed,2126316
d2ad9176-751a-4069-82fa-de773246e8a2,2159551
d2ad9176-751a-4069-82fa-de773246e8a2,52615500
d2ad9176-751a-4069-82fa-de773246e8a2,8511875
cf3398af-4ebb-4579-a5c3-69330bc0d59c,6630757
cf3398af-4ebb-4579-a5c3-69330bc0d59c,1684379
cf3398af-4ebb-4579-a5c3-69330bc0d59c,2836331
cf3398af-4ebb-4579-a5c3-69330bc0d59c,2249589263
647fc106-3c39-4440-8b3b-d691bd6c7a0d,2176433
647fc106-3c39-4440-8b3b-d691bd6c7a0d,48630276
647fc106-3c39-4440-8b3b-d691bd6c7a0d,51437071
647fc106-3c39-4440-8b3b-d691bd6c7a0d,2074443600
aaee9380-ace4-482f-a6af-c18fbcf53b5e,1751233
aaee9380-ace4-482f-a6af-c18fbcf53b5e,1388404060
aaee9380-ace4-482f-a6af-c18fbcf53b5e,8176724
aaee9380-ace4-482f-a6af-c18fbcf53b5e,47531065
aaee9380-ace4-482f-a6af-c18fbcf53b5e,1800120
83ddee81-98cf-468f-8af9-a17fb2c0b708,1718824
83ddee81-98cf-468f-8af9-a17fb2c0b708,2474096
83ddee81-98cf-468f-8af9-a17fb2c0b708,1726792
83ddee81-98cf-468f-8af9-a17fb2c0b708,2089829
000d4802-8894-4fb0-9a4e-3d5b305a1fe0,11063801
000d4802-8894-4fb0-9a4e-3d5b305a1fe0,40466466
000d4802-8894-4fb0-9a4e-3d5b305a1fe0,2117904339
000d4802-8894-4fb0-9a4e-3d5b305a1fe0,1740145
000d4802-8894-4fb0-9a4e-3d5b305a1fe0,1716140
046b7c74-2c87-4e43-b787-881e77d36010,2119657963
046b7c74-2c87-4e43-b787-881e77d36010,51040845
046b7c74-2c87-4e43-b787-881e77d36010,145042418
046b7c74-2c87-4e43-b787-881e77d36010,2316077
d31ed461-0373-4da4-a098-66c1c14411a2,2304487
d31ed461-0373-4da4-a098-66c1c14411a2,46250152
d31ed461-0373-4da4-a098-66c1c14411a2,1742930
d31ed461-0373-4da4-a098-66c1c14411a2,1760085
ff16d596-9120-42e2-a464-c9941fae4500,1767692
ff16d596-9120-42e2-a464-c9941fae4500,144283020
ff16d596-9120-42e2-a464-c9941fae4500,2230763
ff16d596-9120-42e2-a464-c9941fae4500,1710856
a0911a30-7225-4dd1-9382-452deb116591,145708964
a0911a30-7225-4dd1-9382-452deb116591,2159551
a0911a30-7225-4dd1-9382-452deb116591,1733122
a0911a30-7225-4dd1-9382-452deb116591,47692442
c4bdb475-256e-4f28-bb7f-c1e10835d587,5860697
c4bdb475-256e-4f28-bb7f-c1e10835d587,2412024
c4bdb475-256e-4f28-bb7f-c1e10835d587,3082187
c4bdb475-256e-4f28-bb7f-c1e10835d587,49679382
c4bdb475-256e-4f28-bb7f-c1e10835d587,35223271
22d7a282-1171-4a62-bbfa-74d90a9ea343,143628853
22d7a282-1171-4a62-bbfa-74d90a9ea343,152879053
22d7a282-1171-4a62-bbfa-74d90a9ea343,1713567
3589c8b5-eac9-41dd-9002-959df4d0488f,40400362
3589c8b5-eac9-41dd-9002-959df4d0488f,70359360
3589c8b5-eac9-41dd-9002-959df4d0488f,1388404060
3589c8b5-eac9-41dd-9002-959df4d0488f,144163068
710240bf-466a-42c9-91c3-3de294fa1769,35538070
710240bf-466a-42c9-91c3-3de294fa1769,48630276
710240bf-466a-42c9-91c3-3de294fa1769,1803518
710240bf-466a-42c9-91c3-3de294fa1769,1767692
710240bf-466a-42c9-91c3-3de294fa1769,26591876
2b5d18eb-38c6-47a4-96fe-07fdef3b1a92,1680306
2b5d18eb-38c6-47a4-96fe-07fdef3b1a92,1745330
2b5d18eb-38c6-47a4-96fe-07fdef3b1a92,2426181
2b5d18eb-38c6-47a4-96fe-07fdef3b1a92,2112820873
6f151d4f-d3c3-4997-9c18-a4b7776b4dda,144823759
6f151d4f-d3c3-4997-9c18-a4b7776b4dda,145651668
6f151d4f-d3c3-4997-9c18-a4b7776b4dda,31682040
6f151d4f-d3c3-4997-9c18-a4b7776b4dda,2877935
66a48c00-93c2-4203-8ede-f2f765776c0f,2787942
66a48c00-93c2-4203-8ede-f2f765776c0f,21744050
66a48c00-93c2-4203-8ede-f2f765776c0f,2285071262
bfc1eb62-78fe-4ee9-be7c-609e205cdbcd,46610789
bfc1eb62-78fe-4ee9-be7c-609e205cdbcd,47555680
bfc1eb62-78fe-4ee9-be7c-609e205cdbcd,1684379
bfc1eb62-78fe-4ee9-be7c-609e205cdbcd,71064586
2e9bcc84-42d1-439f-a356-4719f55c39e1,2552303
2e9bcc84-42d1-439f-a356-4719f55c39e1,143872539
2e9bcc84-42d1-439f-a356-4719f55c39e1,66315156
97ddd2fc-ac21-4967-927e-478d5c893a29,143634612
97ddd2fc-ac21-4967-927e-478d5c893a29,2112625845
97ddd2fc-ac21-4967-927e-478d5c893a29,145064289
97ddd2fc-ac21-4967-927e-478d5c893a29,48792798
97ddd2fc-ac21-4967-927e-478d5c893a29,7337091
5b8b99ea-538a-45ab-a69b-1468977c95d8,145635430
5b8b99ea-538a-45ab-a69b-1468977c95d8,1978719
5b8b99ea-538a-45ab-a69b-1468977c95d8,50186592
5b8b99ea-538a-45ab-a69b-1468977c95d8,35538070
5b8b99ea-538a-45ab-a69b-1468977c95d8,152701833
9234f619-c95e-408b-99eb-ec460e630383,1809270
9234f619-c95e-408b-99eb-ec460e630383,1800404
9234f619-c95e-408b-99eb-ec460e630383,2095239821
9234f619-c95e-408b-99eb-ec460e630383,1736546
9234f619-c95e-408b-99eb-ec460e630383,2558631
66f921d3-b8dd-4896-9c3b-6de4b02946da,3076734
66f921d3-b8dd-4896-9c3b-6de4b02946da,2059187518
66f921d3-b8dd-4896-9c3b-6de4b02946da,2357983
66f921d3-b8dd-4896-9c3b-6de4b02946da,153316774
66f921d3-b8dd-4896-9c3b-6de4b02946da,9077801
b5f1d868-ae95-4e86-9e5e-0ab47235956b,2917446
b5f1d868-ae95-4e86-9e5e-0ab47235956b,22574075
b5f1d868-ae95-4e86-9e5e-0ab47235956b,1598458883
b5f1d868-ae95-4e86-9e5e-0ab47235956b,2109847248
b5f1d868-ae95-4e86-9e5e-0ab47235956b,1802998
90e8b0bf-6d61-4e25-9220-2d9eea86b591,2078607
90e8b0bf-6d61-4e25-9220-2d9eea86b591,2304487
90e8b0bf-6d61-4e25-9220-2d9eea86b591,2764631
90e8b0bf-6d61-4e25-9220-2d9eea86b591,1757996
90e8b0bf-6d61-4e25-9220-2d9eea86b591,2120099756
57ea522b-a485-47d9-b3a8-f60c45b4253d,1728262
57ea522b-a485-47d9-b3a8-f60c45b4253d,2825246
57ea522b-a485-47d9-b3a8-f60c45b4253d,30772377
57ea522b-a485-47d9-b3a8-f60c45b4253d,3015476
516ad3f6-3704-4f59-a50e-a1f7b9991c48,1683669
516ad3f6-3704-4f59-a50e-a1f7b9991c48,1394258787
516ad3f6-3704-4f59-a50e-a1f7b9991c48,144772155
516ad3f6-3704-4f59-a50e-a1f7b9991c48,144142357
516ad3f6-3704-4f59-a50e-a1f7b9991c48,1571154002
6977d233-e97d-495d-b7c4-177f3ece1f2d,103873302
6977d233-e97d-495d-b7c4-177f3ece1f2d,2607684
6977d233-e97d-495d-b7c4-177f3ece1f2d,1807113
429fed66-7d85-440f-b021-0dc716701e4d,48077877
429fed66-7d85-440f-b021-0dc716701e4d,2148536328
429fed66-7d85-440f-b021-0dc716701e4d,144283020
429fed66-7d85-440f-b021-0dc716701e4d,1982649
429fed66-7d85-440f-b021-0dc716701e4d,1452344900
fcb64934-f6bf-4ae8-8219-73d39a41dc5a,145141931
fcb64934-f6bf-4ae8-8219-73d39a41dc5a,7855312
fcb64934-f6bf-4ae8-8219-73d39a41dc5a,1745330
3bf900c7-8d96-4674-ab9a-89db17dbdc62,39977859
3bf900c7-8d96-4674-ab9a-89db17dbdc62,144153718
3bf900c7-8d96-4674-ab9a-89db17dbdc62,1988489309
3bf900c7-8d96-4674-ab9a-89db17dbdc62,2316077
3bf900c7-8d96-4674-ab9a-89db17dbdc62,1808500
e57cbfcd-7869-43ae-9c8a-277277d1a271,120647490
e57cbfcd-7869-43ae-9c8a-277277d1a271,2957924
e57cbfcd-7869-43ae-9c8a-277277d1a271,7855312
e57cbfcd-7869-43ae-9c8a-277277d1a271,1760085
26ba66b7-36b0-46ab-96ad-8bd97462806a,2285291156
26ba66b7-36b0-46ab-96ad-8bd97462806a,2517740
26ba66b7-36b0-46ab-96ad-8bd97462806a,1768181
59fa500c-d85b-4f1c-ae68-5bfa0f1c1edd,1679752
59fa500c-d85b-4f1c-ae68-5bfa0f1c1edd,1701316
59fa500c-d85b-4f1c-ae68-5bfa0f1c1edd,22574075
d3bc0048-7dfa-45cb-ac2e-ee5703ce057d,2443375
d3bc0048-7dfa-45cb-ac2e-ee5703ce057d,1393291803
d3bc0048-7dfa-45cb-ac2e-ee5703ce057d,145364912
d3bc0048-7dfa-45cb-ac2e-ee5703ce057d,1598458883
d3bc0048-7dfa-45cb-ac2e-ee5703ce057d,144463965
274a0682-4efb-4881-a483-8c8300dad099,145717652
274a0682-4efb-4881-a483-8c8300dad099,1717963
274a0682-4efb-4881-a483-8c8300dad099,1680306
274a0682-4efb-4881-a483-8c8300dad099,1723424
3a0e28b9-54a3-4712-8c66-fcc69a4c94c6,51437071
3a0e28b9-54a3-4712-8c66-fcc69a4c94c6,145215033
3a0e28b9-54a3-4712-8c66-fcc69a4c94c6,144834571
3a0e28b9-54a3-4712-8c66-fcc69a4c94c6,1798691
3a0e28b9-54a3-4712-8c66-fcc69a4c94c6,33049010
cdc9aec3-7556-4a8e-a230-559312ab9620,1728262
cdc9aec3-7556-4a8e-a230-559312ab9620,1716140
cdc9aec3-7556-4a8e-a230-559312ab9620,4713365
c421c6fb-b6ff-4a8d-92ed-7e0d038fbc34,2996101
c421c6fb-b6ff-4a8d-92ed-7e0d038fbc34,49914182
c421c6fb-b6ff-4a8d-92ed-7e0d038fbc34,144823759
c421c6fb-b6ff-4a8d-92ed-7e0d038fbc34,1694028
c421c6fb-b6ff-4a8d-92ed-7e0d038fbc34,2156211656
6d16df89-eda7-4ea6-9b0d-5f59258c8a2f,116853525
6d16df89-eda7-4ea6-9b0d-5f59258c8a2f,2059043
6d16df89-eda7-4ea6-9b0d-5f59258c8a2f,34772704
6d16df89-eda7-4ea6-9b0d-5f59258c8a2f,1849436
6d16df89-eda7-4ea6-9b0d-5f59258c8a2f,2357983
a8f082a6-9d8b-4735-9b7e-bd541df1e961,40030651
a8f082a6-9d8b-4735-9b7e-bd541df1e961,2517740
a8f082a6-9d8b-4735-9b7e-bd541df1e961,2078607
a8f082a6-9d8b-4735-9b7e-bd541df1e961,1744394
37a7d041-19fc-4914-8bb5-b106fd03c4e0,2550618
37a7d041-19fc-4914-8bb5-b106fd03c4e0,1744394
37a7d041-19fc-4914-8bb5-b106fd03c4e0,2108105012
37a7d041-19fc-4914-8bb5-b106fd03c4e0,145696419
62eed790-9e37-4f58-a070-ea800e491275,1383246948
62eed790-9e37-4f58-a070-ea800e491275,2275592032
62eed790-9e37-4f58-a070-ea800e491275,6418979
2fa4709d-4460-4017-bda1-13faaebf834e,143628853
2fa4709d-4460-4017-bda1-13faaebf834e,144609251
2fa4709d-4460-4017-bda1-13faaebf834e,1400943991
2fa4709d-4460-4017-bda1-13faaebf834e,2074443600
2fa4709d-4460-4017-bda1-13faaebf834e,1768762792
222e8fba-32d8-47a1-9e78-8ae50c2ffd2b,1836113
222e8fba-32d8-47a1-9e78-8ae50c2ffd2b,2095003529
222e8fba-32d8-47a1-9e78-8ae50c2ffd2b,50378805
222e8fba-32d8-47a1-9e78-8ae50c2ffd2b,1723424
a5d034a9-bb64-44fc-9451-469a0c8d449e,1713968
a5d034a9-bb64-44fc-9451-469a0c8d449e,25894913
a5d034a9-bb64-44fc-9451-469a0c8d449e,81127051
a5d034a9-bb64-44fc-9451-469a0c8d449e,144298043
a5d034a9-bb64-44fc-9451-469a0c8d449e,2275592032
373ca7ad-0f5c-4882-818c-da5eaad492c8,1960450
373ca7ad-0f5c-4882-818c-da5eaad492c8,1388404060
373ca7ad-0f5c-4882-818c-da5eaad492c8,6630757
1956463e-3f19-429b-a269-3cf49afd8196,46221898
1956463e-3f19-429b-a269-3cf49afd8196,1452344900
1956463e-3f19-429b-a269-3cf49afd8196,2074443600
08452660-931c-41da-a9e4-bf3cacade64a,2787508
08452660-931c-41da-a9e4-bf3cacade64a,116150522
08452660-931c-41da-a9e4-bf3cacade64a,22708729
08452660-931c-41da-a9e4-bf3cacade64a,118461124
08452660-931c-41da-a9e4-bf3cacade64a,34820048
ae4c239b-6c90-4814-ad56-844953d60a26,11618874
ae4c239b-6c90-4814-ad56-844953d60a26,1394765173
ae4c239b-6c90-4814-ad56-844953d60a26,145647476
ae4c239b-6c90-4814-ad56-844953d60a26,2368474
efd351d5-cd19-4573-8eff-77447f032561,145794456
efd351d5-cd19-4573-8eff-77447f032561,1800120
efd351d5-cd19-4573-8eff-77447f032561,143792160
bb3c734b-af89-4227-9c93-58c317344786,39592606
bb3c734b-af89-4227-9c93-58c317344786,9392149
bb3c734b-af89-4227-9c93-58c317344786,2078607
622a05b4-9617-4d3c-98d1-8c6cd9bed586,3007154
622a05b4-9617-4d3c-98d1-8c6cd9bed586,38548340
622a05b4-9617-4d3c-98d1-8c6cd9bed586,39592606
622a05b4-9617-4d3c-98d1-8c6cd9bed586,39977859
df9d4c86-97b9-4b5f-97a9-327ccca4d2fe,3113695
df9d4c86-97b9-4b5f-97a9-327ccca4d2fe,2865522
df9d4c86-97b9-4b5f-97a9-327ccca4d2fe,145717652
df9d4c86-97b9-4b5f-97a9-327ccca4d2fe,30772377
df9d4c86-97b9-4b5f-97a9-327ccca4d2fe,1730590
168ecc10-fb4b-4fb5-9938-44c847b1fd10,2109336475
168ecc10-fb4b-4fb5-9938-44c847b1fd10,70205847
168ecc10-fb4b-4fb5-9938-44c847b1fd10,116150522
737669f1-1bb8-45b8-99ad-b9b8710ca0d1,2285291156
737669f1-1bb8-45b8-99ad-b9b8710ca0d1,1875442
737669f1-1bb8-45b8-99ad-b9b8710ca0d1,1978719
737669f1-1bb8-45b8-99ad-b9b8710ca0d1,116150522
b322de93-4b80-4065-b5f1-e3d335835f42,48691553
b322de93-4b80-4065-b5f1-e3d335835f42,33199546
b322de93-4b80-4065-b5f1-e3d335835f42,1690633
