review_id,paper_id
f3bd6e2e-2418-4735-9c64-52daab79e1f8,00040bdd447f041a50ae95fd51926cf435ef1eba
643770af-47be-4fb4-bd62-205fc25bc00b,0007cd4870abff3c79537a4722d2f6365eb5468f
ca26d093-3b23-4bcf-82ef-f9707fcc7c80,0009c4975fcb502a4af0e53d46ec6255c13216a1
0fcde89b-8e28-4231-8ec6-217aee5f0f7a,000bc721cefe3f2ba2425e8b95b042dc1e9778f9
03782c9c-4805-4c05-b3e7-92c083d18348,000cd7ac3435007cca292fc8f1bac86b7a066467
00be8000-ff8c-41d7-b8ad-eb645761a796,0014e3f6909edbbf8e4d417baf2b991ffbc2909e
ed5a1e88-fca6-4d8e-bc05-ee6b4c62d4d5,001533bcbe30802b9a37d8f9f22a083ccef516b4
7bc0d17d-8e0f-45ab-ba9c-1e720924a48a,0018e888e83bfd993bc49455a8787577ab28a19c
a3593107-6c44-401c-b927-dabd45ae1fe3,001c15accd39827ecf9838d496b7e44e9f890ee7
eabeb827-8e4e-4f91-9925-86ec075dcb23,001ca235cae845677c82167c21cbfa9eabddbfbc
b922355e-47da-451e-a8a8-8072e7613d95,001fed0e97d344c3aa563c704356099a05111949
fdd6613b-6dbe-47d3-b76a-799d40b4a9bf,00296433175f54b52d49cb21f57ab608afe2d1bf
471e7da7-5c7d-4de3-ace4-b355ef23bc46,002b5b830c6c7f312dd82cf936b6204bd4018de6
b2596f31-a780-4b2d-8a47-f64d9a48e217,002ca9eeb8de246f430f8c5ea4b60c5b3165aeac
70da1e1c-40f7-4517-9350-c64d7294fc2a,00016e315b39d20b69f041790573e2215f9eb028
f6388ff6-1035-4d9e-aae5-17d28dc567b3,0004bfb2afc73e755c6c4987225907472da966d1
a448d06c-6fc0-40ce-9689-647fe03cbd88,000bf014a71283e739b3288783e0572dd4de7301
9228be8c-417c-4737-bb20-3b8e7f1d96fb,0013693bccf244dad3d321558ac7986bc0230db9
5c5de72a-cf17-47ec-9ce2-ec710d54a636,001842ba6c880608a573eeeb2ccd38e9a8ba8281
3c459c38-dcfc-4396-9389-8f45e8a8e011,00196a9ef3e29d16a026e6fa69886e273c685cac
b5e9c319-3400-4659-9d2e-a1acc3f75974,0019b23a39d2268d967292b158b9e723d7c5eb58
0a39d094-762a-4d6d-99bd-701c72f87f24,0019dbffc27ecda6e699a2a6a5d0861a478dd204
bf4cebff-f4bd-4866-83bc-aac1e54fad26,001bd1d8b04d5c20d9f4f4860146d43de445bc17
28bd8e67-e4fd-4ef3-99c4-fcddc174c617,002050388cdb39d6413ce48230496e8ccc08df04
f609fffc-9e8f-4806-a580-a4983958bd50,00227f73b6547b43d9f6c22e0136ab1fadb7036c
37bc0339-9fdd-4b58-ab3f-62f1580892e9,00240aaeb57dba9886d1a695176c97a17ad97885
1deb206f-3de0-45e9-b3f9-6b2f02553730,002523ab48c0a79567a275c5ba219e95e37d9cca
251f2431-d815-491a-aa06-8ed8739a30da,002c19bc5e0040b8bb4dd0d7fcbd1760abbb8035
07267b48-8437-4ffb-bdb5-62373a574912,002df72c36a270cc824897f6e5f88edf70fb1f61
6ab2e05b-fda9-46a5-970c-19832bd853be,00314c680192fdf5e711e0d23c1f6d44cc89e65b
3d15b132-361d-4160-97a3-7e712165dfb6,0034365ccb6a98eddd0fab3184c1930621ca7b17
4d98b8b4-6b45-40e9-b01e-7d3723135e36,00363213c1d91a7d051c5ccbd360e11c8210aae4
91028ed6-3a0d-4074-9b6e-af63703980cb,0038c3c38fd975d3373d63e76b7db5d2c7bf94bf
62905d2e-d216-45cc-a4e7-eb986dbd468e,0039e77f1a6de8f375b9c57417201957471ea121
e248bf0f-ad77-4954-86d9-f3da8da7f324,003a4314596654c9524e7e40cb75bf1991c6837a
57410e69-452e-43e6-abea-346d858938dc,003b39f11d9a742f3ed581fccfdaa189b6f30171
23a9566a-a5a8-4693-81c0-d5a0fce14a61,003d8ba6b56262942c5ed88052fbd1282495966b
22770658-ba66-4853-b259-4e9a5051a17a,003d912198ad1a718a84e430d47f6c513bb4df92
87edcc26-0ff1-425b-9152-d829ab2f6fc0,0042b16cba12db67855b603c261199b70067c69a
cfdaf012-43bf-4330-a2f2-6557af097b6c,00433ea2a6d853403019b8b165030bacde9f20d3
d725c924-4b25-4017-bff7-4d226236e2cf,0048334fea7c1d80dd9f2fde8da71775a13afce6
87d41933-abe3-40b0-8bf0-eac2fd7436a8,005073ef6077877fedb41002cb9273f1b08b7b09
5f5586a0-0251-4d2e-ade0-75abc8160af7,0054351123d266e99f6b207082265caa038b6b50
d30f317b-8150-483f-89be-9b908e353407,0055ac14fb41047107186e9174b2369e89f126b9
9cbb9400-5ec4-437b-8eba-a1ba50f07e71,0056e636953cb016836b2c05f43a3d1d4f19880b
9b0960ba-fee9-4e3a-afeb-1c941540ff4a,0059adaaa42b647f4810d651fee0d7c5e5f60eaa
2426ee4f-133c-4a5c-9824-92c0652f70ea,005ad8621bb9672af1ac43500a5143d9d3f2db3e
18d23cb1-8f9a-4d20-9300-21dd0d1064a4,005b716759daadb580b472602f6167559aadc9c5
7a5c70e9-9b83-4eef-b15d-763810b2ac78,00616d3f2033c39831e6274b000dba93e7173e8c
f2f19011-9fd7-4df7-8f95-7797fdc4615a,0061d50db46a06422fe3b7433918d9a39a79b74f
b130de65-de96-4401-939e-f318f1b9cc6a,00656f8d0bef8ec30a14212dbea3f394a7112e94
f561e25a-c3fe-4e88-bbd8-c1b4ba2d1c36,006609032b88eb4feaa63d1465fde5611156ca86
21cc8051-58db-42f5-9b16-f84d8b7194b0,00672bec9dd0e755f9c375f912c0f1c3918a6b74
bab64c47-6284-4ed0-9455-0d71e2087cf2,0069995f0be8f64d081b5c0bdd56d17f49ea5f25
1e3386a7-1b7c-4524-a567-dbe079a662b2,007617660cc0d33741a6b6603da6a1844714cbdf
12d88c17-8df8-493f-abe9-46283bb5978e,00768f59dc45c197f4329a4d6287423dca22cdbf
4873b70b-0244-4884-9953-1754eb1766c0,007b0a33a13c085f7ba0a66d1b6b1f7fbace740e
055becec-94a4-424e-b4d4-d62300dc5172,007b5590510ea92dddb5c43ea4df9c8bc068e15d
13719a29-cf0e-4498-92ee-dc4570404a81,007f1a6d948cfc4cd838131ab18fac51b01f5275
0bf90df2-d750-4341-8779-4cf0c9987399,00801b7f0a13c5959773466b1ba9e5b18ea7c7d5
577527df-39c1-4d5f-8de5-4d5f2babc5dd,00814de5c4a22fec6d7e6d161f006d9c59482278
29762d83-bee5-46f8-9922-0005401bb484,0082dd304daa17951de672ecfbc17175da4c320e
3a5a680a-c948-4f2d-8856-601f0daf8cf2,0085bc8aa185ebb0fb18f55cc197c8d98232445d
515a6c84-2034-4491-83c8-cdfab14b212d,0088aea75b76d7ecd3fa9680ebe778e271c4efcb
0f597a30-1d8f-4a67-b697-f3c9ddc59295,008a06b6d99f30957947c2b0acf8f043db23fd75
139629d0-3ebf-431d-b2d8-9e022e7af601,008a0971b86645137102eebd63f8901638bf983c
e678f6cf-df06-41af-9e1c-a55a802e8783,008eb1704c39eeee3efc8db2db53f24d74743e06
24409703-59d0-4a5c-b88a-21fd32a07d5e,008f1cca4c576b11d42c9a4cba236c834e451523
9452ac64-900f-4054-90c3-742fed5121df,008f2f675f9bf99f29ef7d3e8cdf4734cd9bb918
4bb9a58d-e8da-4d33-babd-6f30175409ae,008f51c5a995cf3d19bdcf2c7bb01648774daafb
cccb6398-d1c0-4646-994a-ef8d0c7a8572,008f8eb8cfbada33bedbcf794e725606b5a3a3e7
1fc2e971-9a60-4efe-8953-9d4a92a66e5d,0090fe788feb3d56ee9bb1aaf83d51de71d8d3e6
79945d67-deaa-443b-934e-97bb01c4960d,0092c1083e4fb679b288686d1dc8c9d83efef9bc
a8f48009-6052-4165-80e9-d411ee0f9ecb,009687779428dcb8c32f3c930697a7c3f8de3d3b
6587ba65-6820-4228-8598-112f2f28e4f6,0098b6f1bf31b12cdd0c24ef81050c3d2a39b0f5
56afa66a-d953-43de-a71b-cbe8f47542bc,009b13bb48af9d33dbeb961f044133c7c21cec89
7d980a61-45f2-4064-b7ae-95e8cf65ce7c,00a3e1c293f3c8dfc205f0094f4d971850a5d99c
a2190893-2620-40bd-b1c5-2587d0549036,00a653b045e7df3e93de9dc3cb0a186024ad1df0
46e11d5f-69d5-4cea-9b5b-3bfb1f2a52ae,00a9af382e2e28bdd25dddbb1cd64c1885a4fc93
0513d2e6-0bda-483b-af0e-671c7c683143,00b0779034bc13da8f4eb18ed3d0c3466d759b91
16ec0c9d-f99c-4c4c-b16a-6d8627f759a4,00b5f8d132c6223e130622b4136e1090e943f238
67fa88c4-3343-4f41-9ce9-0d9bfe4b87f5,00b6456d504cf5d782803091b9a2d460daa7da80
03374f29-d79d-4f89-bba4-ddb607ca7ca7,00b6e7863d9ea0c81b2d5f61d019c32fc3456bc6
ad51c801-5f50-461f-9dc6-84034d41af05,00b9b9bf5b07d6af71bef29c48a35b948cc12255
f5d7cf64-2aad-4a99-a266-e0a852265b1d,00ba98cf43f53a8e9e61b8895a7ca302900e6d7e
6c28b3a4-3d9c-42bb-9ef0-38be4dbc8eaa,00bb7f29057d30892f84cc01a96301b688fcdef8
6d0cc56f-9c99-49f1-b0fd-1a4ddc35fc48,00bc00b24b901559bb1cad66c4bf354808b1d923
d918be58-9895-496b-a247-d24142707f5b,00c05c5f00a88ca00e8704c2ce2010ac0667a924
0d56674b-82f6-413b-b4e5-a7b1516c9a54,00c28df4baa4eea232026dafe8bf8cd800a9110a
ce491930-51e6-4ccd-aebc-18d77529e763,00c39a8b3857f16fd59ebd91ed13d68a1aed4d8b
cec91c16-8da9-47d9-8d2e-2c88cef7fad4,00c5cf4399df8efa1179915c36088a99eb26f281
5dd80aec-c298-4217-8d4b-c5b9eeb2ed07,00c723c32a69c2a326d55c618694d5d1038da688
b8f967c3-9236-4ce7-8b65-e05cebc597b5,00c92bd26958dbc085eb4bbc72aa3d34f92e32c7
fa6643e7-9b17-43ae-a4ff-f3ac8bb65434,00cdd54e6cc5cb616df26a32d8e709b67de52739
9e47f1b8-98c7-48a1-80a9-70105cec63ff,00d669ea812b93429bb59d00e3cbedee42d4efb1
a176f0f2-7214-4a52-9bd4-c675063e7428,00dc5c4cb64d6bd66ba091b2bdbd7baa189a3ced
2905f99f-e157-4c9f-9a05-3694e6547d6f,00e2b0f9bcdfa52fbf68a959f9daa8a5ba23bba8
1c029756-6d95-4d55-83a1-5c499bd794f5,00e3c0110f4d65897ec9e805a4429f4aa03cc6fe
b3478926-a3f6-4838-9d9c-e0bd859fe368,00e3e4cfdba66226403368edd30df8032c9802f0
8148867f-173a-4b6d-8ca0-1ff9928ada66,00e422bdc76b82514d66675dcac8da0493352a8e
61a7eb6d-5a16-4e09-a8e4-23816cf5c79a,00e70c97afd1af0b70e1fc6480d05a9d55a75413
58187203-0bcd-4c02-a9b4-770e22174c19,00e7411e4c52e499e01bde5072eb07940d162ad7
85fbe0d0-b0fb-47c0-b0c6-234b999dae40,0000d36f99f61d6768e7c21c46ce4350b41a6a89
9ead1921-c579-4b22-99c3-ed1f0b3edc25,0006b5336a56fa671de83fddc17d7165e1a0d637
0efbbf30-3f67-47d3-a818-607f40c8e234,000f945179e9ffc0ad20fe695bcc992066d6d072
0822d58a-b7aa-4406-8ae4-2a5696c39949,00192a8dd9dd623047210e2bd23c87734cf65fe1
d8b84abf-f9bd-45cd-83a6-77a0013f3469,0022282d20f3c507fba576062c6c58c02dd4c8f7
112c965a-37db-4141-8a39-01a5487a260c,00250fc7fe665bdb5af3e895a18d1c94db3a7c8e
13f1edf0-8c3c-4af1-b752-53cba905db67,0027a5389929596cc4bd1d645104cd7d88588509
73f2f930-9655-4ca1-a512-fb17184dcf82,0034c34af6a12c058c8ef12136758c8ee4d2f945
9bdc7131-9e17-4fee-9964-7323a4865ad7,003d1994ad51db685cdb7f98063edb3a53816bb7
68760f4b-b86b-49db-bae3-5d336b362819,0047798ed5bbb87084440d31345ae318e1e3a1b4
cac66b32-9d3e-4ca1-80cc-d9eca972ae11,00554b24a42a74ce45d041d3ace268d3fe3eb77a
9888d75b-36c0-476d-963c-89ba9e94a101,005783454d128bc45ab86000efc78d5676ece1b1
7c4fabc3-e087-43b1-a693-8525fe469c29,005f0f6d796e1856b373e2116bdbffa719d12fbd
6b273658-60fd-4a83-81cb-5e014e60d3ef,006707fad29166a3426fbb654d842c6d9292a771
f1598afb-bcf8-485d-9c32-564cd36beed3,0067258937f69e4cc4371a924134189074be8d93
97d49e7f-6016-4415-b093-4099a27477b1,006b89abc356c1c3bf2dfa35f47c0601c39dce38
668a2c09-4bb4-46fd-b107-fb171028d811,006bd41c4a52c64445afdbc67182715a476e09c8
123436b0-32e3-4b16-b1f8-9880aa8f4cf2,006bf046e6c27d882bae79688004c4c4f4781a0f
cc0ade7d-a94d-44f9-aa2e-12e1c2bb13a7,007098d098b83163f76d17b75fb47f2eec43fd2d
588da525-ddd1-40ca-94ea-52853a14d666,00729e81a3c5d5ca1f7c57751cc6664da5450c76
fdea8063-cb41-44b2-aeb2-896ec71a48ed,00735bf6a1ad14a343650e7a4b6661eda04ddd60
d2ad9176-751a-4069-82fa-de773246e8a2,0074abb724b0cec51d8ff51b73f41452fa3b156f
cf3398af-4ebb-4579-a5c3-69330bc0d59c,0075dfdbd25dce1fd545d2ece39476a3a6dee5da
647fc106-3c39-4440-8b3b-d691bd6c7a0d,007d907ebb6183bb1891828afc6a7c3eeef00c87
aaee9380-ace4-482f-a6af-c18fbcf53b5e,00811cc3b808295db2c7a184c2a8da1d66d17e23
83ddee81-98cf-468f-8af9-a17fb2c0b708,0083bf90c49c5f48d52ce309c4ddc7f4f9782b15
000d4802-8894-4fb0-9a4e-3d5b305a1fe0,0091346f761e451761f48eadd304bd3fb8a4126e
046b7c74-2c87-4e43-b787-881e77d36010,00922c3a783155b87425b085306b973664044dd4
d31ed461-0373-4da4-a098-66c1c14411a2,00967c22396abfb895868323ab720c28b837b4be
ff16d596-9120-42e2-a464-c9941fae4500,00975a7f3bc8bfb0a694117c07ccb7324333014f
a0911a30-7225-4dd1-9382-452deb116591,009bce9910153fbd8729954c24c64cf7ee0f7c1b
c4bdb475-256e-4f28-bb7f-c1e10835d587,009eb31338512d9ca6ffde4062f0443f94b61fd1
22d7a282-1171-4a62-bbfa-74d90a9ea343,00a0914dcd260804109cc05aef17830c371a1f27
3589c8b5-eac9-41dd-9002-959df4d0488f,00a427715f49105b001ba242ad0e36b570c6d5db
710240bf-466a-42c9-91c3-3de294fa1769,00a475e5f179857ad0d2d139d65183109b8c7dc4
2b5d18eb-38c6-47a4-96fe-07fdef3b1a92,00ad2477dc6e9223507654688f088ba35a29a653
6f151d4f-d3c3-4997-9c18-a4b7776b4dda,00ada6a5c6607c63b7e060d040ddee120d5107ee
66a48c00-93c2-4203-8ede-f2f765776c0f,00b3fc061b3600b9508480022556c9a76494dba4
bfc1eb62-78fe-4ee9-be7c-609e205cdbcd,00b42b3d8e4417399b06d547f4c46030f332c9be
2e9bcc84-42d1-439f-a356-4719f55c39e1,00bc156bac2b39fab1689fe047b23c9f216d7f29
97ddd2fc-ac21-4967-927e-478d5c893a29,00bcec142c7d49ba269f65ba1463e2e226fdf545
5b8b99ea-538a-45ab-a69b-1468977c95d8,00c2b76966cc18c09e865cf827fb4c7a3d294a6c
9234f619-c95e-408b-99eb-ec460e630383,00c53bf5f1a48b64ee809cad8acc933d43234b9c
66f921d3-b8dd-4896-9c3b-6de4b02946da,00c563820989ba36393a889743a97bcedf47dcd2
b5f1d868-ae95-4e86-9e5e-0ab47235956b,00c9c8a970574dd80617c4d63493567d45f87888
90e8b0bf-6d61-4e25-9220-2d9eea86b591,00cb8781b1c991659b9ba6e525eaadf13fe8f359
57ea522b-a485-47d9-b3a8-f60c45b4253d,00d3c2608f64f432f21a7749b9c674c94170d17e
516ad3f6-3704-4f59-a50e-a1f7b9991c48,00d751c11cf2390626d051bcbda4a70cb9355a38
6977d233-e97d-495d-b7c4-177f3ece1f2d,00d76f20f303c6829e23a4a9bfb9af4af3871c0c
429fed66-7d85-440f-b021-0dc716701e4d,00ddb10417f77b54ea9ba38c35dcc3310a08aa34
fcb64934-f6bf-4ae8-8219-73d39a41dc5a,00e26133551f152f4c8913c5442238d30a63ef79
3bf900c7-8d96-4674-ab9a-89db17dbdc62,00e346f93fe1eda00ce990a13a8ea8ba66bfc37b
e57cbfcd-7869-43ae-9c8a-277277d1a271,00e34b7351b6f7104218a7a09ee22aedcc927d4b
26ba66b7-36b0-46ab-96ad-8bd97462806a,00e65d86d2b4600508d3f76a940da7a36cee04a9
59fa500c-d85b-4f1c-ae68-5bfa0f1c1edd,00f189133a8c64e5d197ef37092257463f8a2e8b
d3bc0048-7dfa-45cb-ac2e-ee5703ce057d,00f2dc9cd83b6730ff3c458b73d6c5507dcc36e4
274a0682-4efb-4881-a483-8c8300dad099,00fcd279bc6e702cfa72bf98c381242b25fd1734
3a0e28b9-54a3-4712-8c66-fcc69a4c94c6,00fe7c7b31a1a83fbb38f605631f1d6e76f388a2
cdc9aec3-7556-4a8e-a230-559312ab9620,0101bef3602965eb124803564e37141cff2333ea
c421c6fb-b6ff-4a8d-92ed-7e0d038fbc34,011341dc87edea1fdc9aafe7020e8896fb9672b8
6d16df89-eda7-4ea6-9b0d-5f59258c8a2f,01135d952acc731742fd20b9b2d4915c4c169950
a8f082a6-9d8b-4735-9b7e-bd541df1e961,01139f79fb260e1bd06f423cb21522b3e41b31e9
37a7d041-19fc-4914-8bb5-b106fd03c4e0,01195a0ceb2ca420405c96ebcabc7718c1e78ac8
62eed790-9e37-4f58-a070-ea800e491275,011961296d458fbf1d605e58f49497e7a8f6f011
2fa4709d-4460-4017-bda1-13faaebf834e,011efa271f4a51f73312e407d84161b7819ab066
222e8fba-32d8-47a1-9e78-8ae50c2ffd2b,0125abc6b5f4b4e1c9b87c4735fc8313c0600c88
a5d034a9-bb64-44fc-9451-469a0c8d449e,0131f82eadbf40966b110360f97b99289e56dd37
373ca7ad-0f5c-4882-818c-da5eaad492c8,01322d3f7039eaed09ce4fa77dc4efb122e400a2
1956463e-3f19-429b-a269-3cf49afd8196,0134db5adf50c471906cbffa0d2f6a4fcbc0ae01
08452660-931c-41da-a9e4-bf3cacade64a,01383cf064a9963054b5416c04cc421100656892
ae4c239b-6c90-4814-ad56-844953d60a26,013fc96537baedea3e397d057be8404aa93d5299
efd351d5-cd19-4573-8eff-77447f032561,0140b503a44298915542b284f66ecd8e5adc737b
bb3c734b-af89-4227-9c93-58c317344786,01458da3d3902e6ccd4b8af92cd22553596da923
622a05b4-9617-4d3c-98d1-8c6cd9bed586,0149c0f5b7985d17afc516d932dd17c4205fd4ba
df9d4c86-97b9-4b5f-97a9-327ccca4d2fe,014cf690afedcb7d8fddaa9d6770f162385ffc99
168ecc10-fb4b-4fb5-9938-44c847b1fd10,0150286dd10c0e18fd86a08603fd32343ba73d46
737669f1-1bb8-45b8-99ad-b9b8710ca0d1,0151ab779171add3177b5eacc5b42fed8d924e26
b322de93-4b80-4065-b5f1-e3d335835f42,0152f2ba5f4765a313e4e41f735a37fca52a2a59
